{
  "ATL|Guard|rank": 4,
  "ATL|Guard|avg": 9.960227272727273,
  "BKN|Guard|rank": 19,
  "BKN|Guard|avg": 11.257668711656441,
  "BOS|Guard|rank": 2,
  "BOS|Guard|avg": 9.94186046511628,
  "CHA|Guard|rank": 1,
  "CHA|Guard|avg": 9.56547619047619,
  "CHI|Guard|rank": 25,
  "CHI|Guard|avg": 11.488636363636363,
  "CLE|Guard|rank": 30,
  "CLE|Guard|avg": 11.86875,
  "DAL|Guard|rank": 28,
  "DAL|Guard|avg": 11.631901840490798,
  "DEN|Guard|rank": 29,
  "DEN|Guard|avg": 11.726708074534162,
  "DET|Guard|rank": 5,
  "DET|Guard|avg": 9.962162162162162,
  "GSW|Guard|rank": 16,
  "GSW|Guard|avg": 11.030864197530864,
  "HOU|Guard|rank": 12,
  "HOU|Guard|avg": 10.682634730538922,
  "IND|Guard|rank": 22,
  "IND|Guard|avg": 11.441176470588236,
  "LAC|Guard|rank": 9,
  "LAC|Guard|avg": 10.47027027027027,
  "LAL|Guard|rank": 11,
  "LAL|Guard|avg": 10.54375,
  "MEM|Guard|rank": 27,
  "MEM|Guard|avg": 11.547368421052632,
  "MIA|Guard|rank": 21,
  "MIA|Guard|avg": 11.377245508982035,
  "MIL|Guard|rank": 17,
  "MIL|Guard|avg": 11.07103825136612,
  "MIN|Guard|rank": 7,
  "MIN|Guard|avg": 10.032967032967033,
  "NOP|Guard|rank": 18,
  "NOP|Guard|avg": 11.18867924528302,
  "NYK|Guard|rank": 10,
  "NYK|Guard|avg": 10.536423841059603,
  "OKC|Guard|rank": 3,
  "OKC|Guard|avg": 9.95,
  "ORL|Guard|rank": 20,
  "ORL|Guard|avg": 11.350785340314136,
  "PHI|Guard|rank": 15,
  "PHI|Guard|avg": 11.011904761904763,
  "PHX|Guard|rank": 14,
  "PHX|Guard|avg": 10.920731707317072,
  "POR|Guard|rank": 8,
  "POR|Guard|avg": 10.237179487179487,
  "SAC|Guard|rank": 23,
  "SAC|Guard|avg": 11.445859872611464,
  "SAS|Guard|rank": 13,
  "SAS|Guard|avg": 10.696969696969697,
  "TOR|Guard|rank": 6,
  "TOR|Guard|avg": 10.031413612565444,
  "UTA|Guard|rank": 26,
  "UTA|Guard|avg": 11.508287292817679,
  "WAS|Guard|rank": 24,
  "WAS|Guard|avg": 11.476439790575917
}